,Accuracy,Balanced Accuracy,Precision,Recall,F1,ROC-AUC,PR-AUC,MCC,Log Loss
Logistic Regression,0.815,0.815,0.7787610619469026,0.88,0.8262910798122066,0.862,0.8266441533896746,0.6353919399098565,0.453993116941496
Random Forest,0.82,0.8200000000000001,0.7807017543859649,0.89,0.8317757009345794,0.9049,0.8943346158090569,0.6463657305974215,0.3857592180941198
Gradient Boosting,0.79,0.79,0.7735849056603774,0.82,0.7961165048543689,0.8859,0.8799745486622149,0.5810468272831243,0.552100790102095
XGBoost,0.815,0.815,0.7889908256880734,0.86,0.8229665071770335,0.8865,0.8395226112541947,0.6325671057369402,0.43827677982319313
